video,tags
https://www.youtube.com/watch?v=DYlwUdL0iHw,0:00-2:10 2:31-30:00
https://www.youtube.com/watch?v=421X8zE64Ps,0:00-19:45
https://www.youtube.com/watch?v=K6tcG-AeULc,0:00-27:45
https://www.youtube.com/watch?v=EDQY5_IhBm4,0:00-29:05
https://www.youtube.com/watch?v=1h2yKzdDyRM,0:00-21:00
https://www.youtube.com/watch?v=piuNTV0SHak,0:00-35:50
https://www.youtube.com/watch?v=9lRBVXq07YA,0:00-21:56
https://www.youtube.com/watch?v=hT4EnI5Sk3M,0:00-29:00
https://www.youtube.com/watch?v=i2sMwk4wXt4,0:00-28:40
https://www.youtube.com/watch?v=-o4GkKlZoso,0:00-26:40
https://www.youtube.com/watch?v=9_Vp-LrII4A,0:00-27:30
https://www.youtube.com/watch?v=Izg6gopT-aY,0:00-33:00
https://www.youtube.com/watch?v=CPyFMniP0p0,0:00-21:50
https://www.youtube.com/watch?v=6hWZXXSmOBQ,0:00-26:20