text,label
"Немцы, что вам говорят в школе про Адольфа Гитлера?",1.0
"У нас как раз сейчас в школе Гитлер, я из Германии.",1.0
"Ну, в основном про него говорят крайне нейтрально.",1.0
"Мы изучаем то, как он захватил власть, начал Вторую мировую войну и так далее.",1.0
"Но когда речь заходит об ужасных вещах, таких как убийство миллионов евреев, учителя, как правило, говорят, каким он был плохим.",1.0
В девятом классе я полгода изучал его историю и историю нацистского режима.,1.0
Теперь нам снова преподают это уже во втором полугодии 11 класса.,1.0
"Так что мы довольно много всего знаем о нацистах, и на самом деле правительство... действительно не хочет, чтобы мы забывали про жестокое прошлое.",1.0
У нас как раз сейчас в школе Гитлер.,1.0
"Стоп, он в твоем классе, что ли?",1.0
"Ага, я иногда вижу его в коридорах между Вторым и Третьим Рейхом.",1.0
"В целом, Вторая мировая война и Холокост затрагиваются во время обучения в школе несколько раз.",1.0
В седьмом классе на уроке религии я читал дневник Анны Франк.,0.0
"В восьмом, девятом и снова в двенадцатом классе обычно поднимают тему прихода Гитлера к власти и Холокост.",0.0
"Тем не менее, некоторые речи или принципы политической системы анализируются во время... других уроков, а не только истории.",0.0
Это что касается принципа обучения.,0.0
"Теперь расскажу, чему конкретно нас учат.",0.0
"В начальных классах вам говорят, каким плохим был Гитлер и нацисты, сколько людей погибло из-за них и что такое холокост.",0.0
"После вам рассказывают, как нацизм повлиял на евреев на индивидуальном уровне.",0.0
Дневник Анны Франк.,0.0
"Далее вы узнаете, как нацисты пришли к власти, почему за них голосовали немцы и как работала пропаганда.",0.0
"И в конце вы начинаете анализировать условия, которые заставляли обычных людей становиться убийцами или фанатичными солдатами.",0.0
"Ну, сначала нам преподавали Первую мировую войну, а потом рассказывали о том, как начинал Гитлер, про его детство, как он попал в политику и так далее.",0.0
Затем уже Вторая мировая и Холокост.,0.0
"После этого мы ходили в концлагерь, который находился недалеко от Берлина.",0.0
"И знаете, это было по-настоящему душераздирающе, ходить там и все это видеть.",0.0
"Мы видели газовые камеры, кровати, одежду и номера, которые давались людям вместо имен.",0.0
"Мы даже встречались с человеком, который выжил в концлагере.",0.0
"Я даже представить не могу, через что он прошел.",0.0
"Выходили в концлагерь жестко, нас никогда не водили в них.",0.0
"Но мы однажды поехали в бункер Валентин, который рядом с Бременом.",0.0
Там еще планировалось построить завод по производству подводных лодок.,0.0
"А еще были в лагере для заключенных под названием Сент-Бастел, где рабочих держали при крайне плохих условиях, особенно русских.",0.0
"Нам рассказывали, что им приходилось есть древесную стружку, чтобы выжить.",0.0
"Я австрийц, но я думаю, это тоже считается.",0.0
Как раз прямо сейчас мы проходим Вторую мировую войну.,0.0
Сначала нам рассказывали про Первую мировую войну и ее последствия.,0.0
"Потом о том, как Гитлер обрел власть и как он стал канцлером.",0.0
Сейчас у нас тема аншлюз.,0.0
"Мы посмотрели видео одного из выступлений Гитлера. в следующем году поедем на экскурсию в Маутхаузен, чтобы посетить концлагеря в том районе.",0.0
"Я читал дневник Анны Франк, но по своему желанию, он не касается нашей школьной программы.",0.0
"Наша учительница ведет уроки довольно нейтрально, но иногда, как, например, когда мы смотрели видео с речью Гитлера, или когда мы обсуждали депортацию еврейского народа, она акцентировала внимание на том, насколько на самом деле ужасной была эта эпоха истории.",0.0
"Я думаю, что если бы мы не имели представления о том, сколько людей пострадало за то время и сколько жизней стоила война, история с большей вероятностью повторилась бы.",0.0
"Нам дают подробную и структурную информацию, без акцента на конкретном человеке, а скорее на системе и причина следственной связи, которая приводит к захвату и консолидации власти Гитлером.",0.0
Тема начинается с Первой мировой войны.,0.0
"Мне кажется, если вы меня разбудите в 3 часа ночи, почти 20 лет спустя, после того, как я окончил школу, и спросите, из-за чего Европа стала пороховой бочкой в начале 20 века, я сразу же сонно промямлю.",0.0
"Милитаризм, национализм и империализм.",0.0
"А, ну и да, учитывая это...",0.0
Сейчас как-то немного некомфортно думать о США в таком контексте.,0.0
"Кстати, требования к преподаванию в США могут отличаться.",0.0
"У нас в Германии, если вы хотите преподавать историю или любой другой предмет, вам по сути нужен эквивалент американской степени магистра по данному предмету.",0.0
У моего учителя истории в 12 классе даже была докторская степень по истории.,0.0
"Я учился в госшколе, не в селе.",0.0
"Я не немец, так-то я японец.",0.0
Жил и работал в Германии в 50-х годах.,0.0
"Страна все еще находилась в стадии восстановления, и повсюду были последствия ужасной бойни, от которых...",0.0
"Они рассказывали мне о том, как Гитлер появился на сцене и восстановил страну, принес людям возможность гордиться и радоваться новому процветанию страны.",0.0
"Они осуждали Гитлера за отношения к евреям, но некоторые повторяли... старые предрассудки в отношении еврейского народа, которые были у немцев до и во время войны.",0.0
"По их просьбе я рассказал им о том, как мои родственники в Японии восприняли националистическую риторику тех времен, но теперь сожалеют о том, что их страна перешла к милитаризму.",0.0
"Точно так же, как немцы, которые рассказывали о процветании страны и побежденной бедности после Первой мировой войны, мои родственники рассказывали о том, как улучшилась их жизнь с новым режимом, который, к сожалению, привел их ко Второй мировой войне и к новым несчастьям.",0.0
"И мои друзья немцы и мои родственники в Японии приняли и поддерживали своих лидеров, не представляя себе ужас, последовавших за этим событий.",0.0
"Мои бабушка и дедушка австрийцы, и Холокост очень жестко морально сломил их.",0.0
"Ведь они действительно искренне верили, что Гитлер делал все правильно.",0.0
Пропаганда работала как следует.,0.0
Занятия по истории у нас проходили в хронологическом порядке на протяжении всей средней школы.,0.0
"И к тому времени, когда начиналась тема Второй мировой войны, мы уже достаточно повзрослели, чтобы изучать Гитлера и Вторую мировую войну.",0.0
"Поэтому уроки по истории действительно проходили довольно нейтрально, и учитель делал... акцент на фактах и исторических справках.",0.0
"Однако тема Второй мировой войны Гитлера и зверств, совершенных нацистским режимом, всплывала и на других уроках, как в средней, так и начальной школе.",0.0
"Мы читали про тот период истории книги, смотрели фильмы, ходили на экскурсии и так далее.",0.0
"Когда на тех уроках заходила эта тема, речь шла скорее обо всех ужасах, которые навлекал на себя нацистский режим, о том, что он значил для людей того времени, как жертв, так и последователей режима.",0.0
"Мы также старались критически осмыслить и проанализировать, почему это могло произойти и как предотвратить повторение подобных событий.",0.0
"В конце концов, под текстом у всех этих уроков была этика, мораль, человеческое поведение, человеческие недостатки, бесчеловечность, осознание собственных недостатков и ответственности, которую мы все должны нести, чтобы понять, что происходит, как это происходит и как предотвратить что-либо.",0.0
"Очевидно, что все это преподавали и говорили по-разному, в зависимости от того, в каком возрасте мы были.",0.0
"Но стоит понимать, что немцы обычно узнают о нацистском прошлом не в школе, а еще до нее.",0.0
"Что-то про войну часто показывают по телевизору, на обложках журналов и так далее.",0.0
"Плюс у некоторых... все еще есть пожилые родственники, которые жили в то время.",0.0
"Моим бабушке и дедушке было 20 лет во время Второй мировой, так что кое-что я узнал от них.",0.0
"Но для меня школа как бы собрала воедино все известные мне кусочки, сформировала более широкую картину и многое позволило понять.",0.0
"Я думаю, большинство школ в Германии действительно выполняет хорошую работу, обучая нас истории нашей страны.",0.0
"Я имею в виду, что существует причина, по которой немцы не очень гордятся тем, что они немцы, хотя в настоящее время мы можем гордиться.",0.0
"Конечно, нам рассказывали про концлагеря и другие... ужасные вещи.",0.0
Причем наш учитель делал это очень наглядно с картинками и записями речей.,0.0
И это действительно откладывалось в голове.,0.0
"Конечно, вся эта информация сильно расстраивала и может быть это было довольно жестко обрушивать столько негативной информации на маленьких детей.",0.0
"Но что я считаю действительно важным, так это то, что мы много узнали о том, как Гитлер вообще встал у власти и что с самого начала пошло не так.",0.0
"Еще мы пытались найти связь с тем, что происходит по всему миру на данный момент.",0.0
"Все это сделало нас осведомленными о том времени, деталях и проблемах, о чем мы с друзьями часто говорим.",0.0
"В общем, несмотря на то, что у Германии такая нехорошая история, мы стараемся не забывать ее, и школа постоянно занимается детьми в этом плане.",0.0
"Наверное, не везде так, но должно быть именно так.",0.0
"В моем случае мы проходили тему Гитлера довольно плотно, и не только на уроке истории, но и на уроках этики и философии.",0.0
"Причем не за один год, а за все время обучения в средней школе, с 5 по 13 класс.",1.0
"На уроках истории нас учили политическим структурам, которые привели к первой и, следовательно, ко второй мировой войне.",1.0
"На философии мы говорили о том, как, по нашему мнению, мы будем вести себя в... таком режиме.",1.0
На этике мы смотрели фильмы типа «Заводной апельсин» и «Эксперимент».,1.0
Наша школа также ездила на экскурсию в Дахау.,1.0
"Это было ужасающе, это еще мягко сказано.",1.0
"Но я думаю, что для каждого немца важно хотя бы раз побывать в концентрационном лагере.",1.0
"Нет какого-то конкретного закона или чего-то такого, но большинство школ, которые я знаю, организуют поездки со своими старшими учениками.",1.0
"Знаете, не только школа, но и наши исторические телеканалы Н24, НТВ делают много, я имею в виду реально много, документальных фильмов по Второй мировой войне.",1.0
"В каждом крупном городе, который я знаю, есть много музеев, памятники стыда или как-то так, и мемориалы для противоборствующих людей, вроде Белая Роза, которая боролась с нацистским режимом.",1.0
"Плюс есть ежедневные напоминания, которые действительно важны, особенно учитывая, что у нас появилась новая российская партия, которая обретает все больше и больше власти.",1.0
"Это действительно пугает, будто эти люди ничему не научились.",1.0
