video,tags,,,,,,,,
https://www.youtube.com/watch?v=lsxp-bGb0y4,0:00-0:25 0:50-1:15 6:30-6:55 8:55-9:30 10:00-10:20 11:20-11:45 12:45-13:00 15:40-16:10 17:00-17:56 18:50-19:20 20:40-21:50 23:50-24:50 26:20-27:10 29:15-30:10 33:00-34:10 34:55-35:20 40:00-40:40 42:09-43:10,,,,,,,,
https://www.youtube.com/watch?v=mWoBgQwAfLk,0:20-1:05 1:55-3:06 4:00-4:53 6:11-7:09 8:11-9:20 12:08-12:55 15:27-16:37 17:08-17:55 21:20-22:20 24:50-25:10 25:46-26:20 31:45-32:30 37:20-38:30 39:10-39:40 40:50-41:20 44:05-44:34,,,,,,,,
https://www.youtube.com/watch?v=in7tepc2shg,0:00-0:40 1:58-2:20 5:34-5:52 8:12-8:26 9:53-10:14 12:28-13:09 21:20-21:40 24:05-24:34 26:00-26:25 29:35-29:54 52:50-53:30 55:54-56:16 1:01:03-1:01:25 1:02:58-1:03:16 1:04:50-1:05:08 1:08:18-1:08:44 1:11:33-1:12:05 1:16:06-1:16:35 1:18:55-1:19:13 1:21:04-1:23:42 1:24:58-1:25:23 1:27:36-1:27:58,,,,,,,,
https://www.youtube.com/watch?v=wDkztLMNK9k,0:15-1:15 8:40-9:20 11:20-11:55 17:27-18:07 20:20-21:00 34:30-36:08 42:20-43:05 51:16-53:10 55:12-57:29 1:01:10 1:03:34-1:06:02 1:09:13-1:10:12 1:14:36-1:15:01 1:24:40-1:25:25 1:39:29-1:40:13 1:42:05-1:44:10 1:50:15-1:51:35,,,,,,,,
https://www.youtube.com/watch?v=admcvvTMRtU,0:00-1:10 1:57-2:27 8:07-9:04 10:15-10:49 12:40-13:13 16:38-17:22 19:50-20:34 22:38-23:25 30:12-30:56 34:58-35:25 39:00-41:15 44:43-45:13 49:43-50:16 51:23-51:54 53:00-53:28 56:25-57:13 58:47-59:21 1:04:37-1:05:11 1:07:08-1:09:16 1:11:06-1:11:38 1:14:26-1:14:59 1:21:03-1:21:36,,,,,,,,
https://www.youtube.com/watch?v=CWX0sALDP54,0:20-0:50 5:04-6:08 17:07-18:07 38:51-39:28 46:50-47:27 1:03:12-1:04:26 1:09:16-1:10:05 1:20:29-1:21:15 1:23:01-1:25:00 1:28:32-1:29:28 1:33:50-1:34:32 1:37:32-1:38:08 1:48:35-1:49:12,,,,,,,,
https://www.youtube.com/watch?v=zcjKJ7FHDLM,0:05-0:45 5:15-5:43 8:05-6:00 13:48-14:19 22:27-24:18 32:03-32:44 34:14-34:49 37:28-38:03 45:19-45:51 48:16-48:45 54:34-55:02 58:05-58:33 1:01:30-1:01:54 1:04:58-1:05:46 1:11:36-1:12:00 1:15:14-1:16:45,,,,,,,,
https://www.youtube.com/watch?v=Bj7q5VAf8-w,0:10-0:42 7:01-7:26 9:58-10:17 13:44-14:33 15:47-16:20 20:12-20:50 22:48-23:40 25:39-26:07 27:57-28:18 32:10-32:50 34:07-34:25 42:09-42:35 45:00-45:31 46:41-46:59 48:13-48:37 53:15-53:55 54:56-55:21 56:28-56:55 59:28-59:59 1:03:08-1:03:29 1:06:18-1:07:25 1:09:05-1:09:39,,,,,,,,
https://www.youtube.com/watch?v=TJBWUgXB8w0,0:00-1:00 11:06-11:40 13:29-13:54 17:45-18:30 21:34-22:05 24:55-25:20 27:25-27:50 29:06-29:34 32:35-33:11 34:26-34:50 36:49-37:24 42:19-44:46 46:32-47:21 51:26-54:19 55:55-56:23 59:32-1:00:13 1:01:00-1:01:25,,,,,,,,
https://www.youtube.com/watch?v=OTVDu2rrG90,0:00-0:53 7:25-8:06 11:49-12:13 19:53-20:26 25:37-27:30 29:14-29:47 33:44-34:14 37:18-37:45 40:58-41:15 44:41-45:04 47:36-47:59 51:12-51:48 58:26-59:40 1:00:37-1:01:06 1:02:56-1:04:16 1:04:58-1:05:25 1:07:06-1:07:29 1:08:41-1:09:04 1:10:27-1:11:09,,,,,,,,
https://www.youtube.com/watch?v=nVWFOtzL7ok,3:10-3:35 6:15-6:40 10:00-10:25 14:10-14:42 14:45-15:10 22:20-22:50 25:55-26:30 27:12-27:55 29:35-29:55 40:35-40:58 43:18-43:45 46:38-46:55,,,,,,,,
https://www.youtube.com/watch?v=YLeXoLX_AjM,0:02-0:47 5:47-6:17 11:17-11:35 14:34-14:57 18:28-19:08 23:07-23:45 26:31-27:12 32:13-32:44 38:17-38:52 40:40-41:07 43:38-44:18 47:30-48:15 49:33-50:13 51:15-51:55,,,,,,,,
https://www.youtube.com/watch?v=xhFt8a4H098,4:28-4:51 10:53-11:31 13:43-14:21 15:45-16:09 19:09-19:47 26:09-26:49 27:36-28:10 29:24-29:47 32:06-32:45 37:19-37:59 38:12-38:56 39:02-39:32 43:45-44:17 48:36-49:07 52:38-53:11 55:00-55:34,,,,,,,,
https://www.youtube.com/watch?v=I2N8hTHhvGY,8:25-9:05 9:54-10:34 14:07-14:47 16:29-17:05 17:51-18:31 24:10-24:39,,,,,,,,
https://www.youtube.com/watch?v=e6pa4PX8tJI,5:02-5:38 6:36-7:04 9:40-10:00 12:00-12:27 14:40-15:05 15:55-16:35 18:15-18:57 21:00-21:40 22:23-22:55 24:58-25:21 26:25-26:55 27:09-27:52 29:25-30:05 33:02-33:45,,,,,,,,
https://www.youtube.com/watch?v=WGixuCIAk1c,0:00-1:57 6:53-8:30 24:33-25:13 37:26-47:58 44:23-46:19 49:30-50:20 53:14-54:12 1:00:26-1:01:32 1:07:12-1:08:26 1:11:21-1:13:34 1:17:53-1:18:35 1:29:50-1:34:08 1:41:41-1:45:27 1:52:47-1:54:01 1:58:03-1:59:52 2:09:59-2:11:14 2:15:32-2:18:58 2:22:56-2:23:46 2:28:37-2:29:37 2:37:39-2:39:03 2:42:31-2:43:20 2:53:07-2:54:46 2:59:04-3:00:27 3:06:50-3:09:38 3:11:58-3:13:56,,,,,,,,
https://www.youtube.com/watch?v=aRcUVhVlSHg,0:00-0:40 1:12-1:27 2:16-2:26 7:36-7:46 9:46-10:09 12:45-13:00 14:52-15:10 18:28-18:43 20:01-20:23 22:34-22:51 25:39-26:06 30:44-31:42,,,,,,,,
https://www.youtube.com/watch?v=UPrkC1LdlLY,0:40-0:36 1:00-1:20 2:13-2:34 4:50-5:06 7:24-7:43 9:39-10:13 10:27-11:27 14:47-15:15 19:40-20:03 26:52-26:52 31:42-32:20,,,,,,,,
https://www.youtube.com/watch?v=4SNThp0YiU4,0:00-0:37 4:29-5:01 5:21-5:58 7:11-7:51 9:44-10:21 12:45-13:19 14:34-15:28 17:00-17:40 19:51-20:23 21:41-22:21 26:27-27:00 31:15-31:59 33:20-34:00 40:28-41:02,,,,,,,,
https://www.youtube.com/watch?v=l-nMKJ5J3Uc,0:00-0:35 4:35-4:50 9:35-10:10 14:42-15:13 18:42-19:19 20:01-20:30 24:50-25:11 29:57-30:23 32:34-33:17 38:22-39:01,,,,,,,,
https://www.youtube.com/watch?v=U_LlX4t0A9I,0:00-0:24 4:36-4:58 7:04-7:32 9:38-9:57 12:00-12:19 13:35-13:54 14:41-15:00 19:18-19:42 21:58-22:18 25:22-25:52,,,,,,,,
https://www.youtube.com/watch?v=PWirijQkH4M,0:00-0:31 2:12-2:37 4:42-5:13 7:16-7:44 8:23-8:48 9:51-10:15 10:42-11:08 12:08-12:32 14:49-15:20 19:51-20:21 23:16-23:44 27:16-27:55,,,,,,,,
https://www.youtube.com/watch?v=VS6tnF31zr4,0:00-0:25 0:51-1:20 2:40-3:20 3:35-4:12 4:30-5:07 5:44-6:22 6:40-6:56 8:24-9:10 9:20-9:59 10:53-11:28 13:00-13:40 14:02-14:24 14:30-15:02 15:56-16:35 19:24-20:02 20:42-21:08 21:32-22:14,,,,,,,,
https://www.youtube.com/watch?v=Sqr-PdVYhY4,0:00-0:28 2:25-3:01 3:31-4:10 12:57-13:34 14:06-14:28 16:51-17:21 17:52-18:21,,,,,,,,
https://www.youtube.com/watch?v=JdFRjsEZrmU,0:00-0:21 1:54-2:20 3:57-4:29 5:33-6:11 8:05-8:34 9:14-9:35 10:37-11:05 11:09-11:24 11:32-12:28 13:53-14:21 16:07-16:47 17:22-18:03,,,,,,,,
https://www.youtube.com/watch?v=FfeQydvXT2Y,2:08-2:26 7:12-7:50 9:33-9:52 10:37-10:56 11:50-12:25 32:20-33.05 35:18-36:09,,,,,,,,start etalon
https://www.youtube.com/watch?v=zV7lrWumc7U,8:08-9:15 31:43-32:30 1:07:01-1:07:22 1:21:34-1:22:46 1:42:20-1:43:12,,,,,,,,
https://www.youtube.com/watch?v=dujixdTgSuM,5:27-6:26 10:32-11:14 15:08-15:47 20:52-21:13 46:31-46:54 54:38-55:13,,,,,,,,
https://www.youtube.com/watch?v=vL0iwyeR1RI,14:18-14:50 33:22-33:47 36:45-37:42 41:49-42:13 1:17:38-1:17:52 1:22:29-1:23:29 2:09:42-2:11:09,,,,,,,,
https://www.youtube.com/watch?v=fLD_uJH0ZLs,0:00-0:42 07:59-09:08 ,,,,,,,,
https://www.youtube.com/watch?v=3bFoO0qHAgA,32:32-33:25 1:08:49-1:09:34 1:20:17-1:21:33 1:26:58-1:28:03,,,,,,,,
https://www.youtube.com/watch?v=Jo-hKcTEnhg,06:47-07:16 13:22-14:08 30:40-31:33 50:27-50:53,,,,,,,,
https://www.youtube.com/watch?v=6OeVp_G5Zss,05:00-05:25 11:02-11:44 16:50-17:38 34:00-34:30,,,,,,,,
https://www.youtube.com/watch?v=2dVxh1W8BcA,19:30-20:10 23:10-23:23 26:17-26:35 30:05-30:35,,,,,,,,
https://www.youtube.com/watch?v=AbypMs26oC4,05:17-05:34 08:12-08:24 14:29-14:56,,,,,,,,
https://www.youtube.com/watch?v=TPu5jkhPQzI,0:09-0:49 07:46-08:20 ,,,,,,,,
https://www.youtube.com/watch?v=kAjy-C8QnCE,11:00-11:25 13:16-14:00 19:44-20:11 28:11-29:05 31:58-32:23,,,,,,,,
https://www.youtube.com/watch?v=gWkExPtbBAg,08:35-09:00 17:30-18:25,,,,,,,,
https://www.youtube.com/watch?v=ik9t96SMtB0,07:30-07:52 08:52-09:29 29:36-30:30 46:35-47:39,,,,,,,,
https://www.youtube.com/watch?v=iisnsI1BrWE,00:40-01:02 02:41-03:04 08:28-09:05 10:06-10:14 12:53-13:20,,,,,,,,
https://www.youtube.com/watch?v=V4_X61VaWcc,06:58-07:28 37:08-37:50 39:11-39:37 45:29-45:50 52:14-52:57 58:30-59:09,,,,,,,,
https://www.youtube.com/watch?v=9I4Oj4O6mpA,06:49-07:04 08:42-09:04 10:20-10:32 12:01-12:45,,,,,,,,
https://www.youtube.com/watch?v=ps_NQvGTR7Q,00:00-00:44 05:56-06:42 10:38-11:12 14:09-14:31 ,,,,,,,,
https://www.youtube.com/watch?v=leJeaG1f2Vw,00:04-00:21 05:42-06:02,,,,,,,,
https://www.youtube.com/watch?v=flMoQICTVF8,01:51-02:20 09:08-09:49 17:46-18:08 19:41-20:00,,,,,,,,
https://www.youtube.com/watch?v=Tz_zQNlFwmc,0:00-0:19 10:00-10:55 25:25-26:23,,,,,,,,
https://www.youtube.com/watch?v=ftyWHUbPzFA,15:22-15:56 23:06-23:32,,,,,,,,
https://www.youtube.com/watch?v=zGxPZZefXLY,01:53-02:46 8:48-9:08 12:36-12:59 17:00-17:21 19:34-20:17,,,,,,,,
https://www.youtube.com/watch?v=-h3eiyDlo7U,01:21-02:04 04:43-5:00 08:59-09:48 12:12-12:42,,,,,,,,
https://www.youtube.com/watch?v=yPPZWbm3q8A,11:19-11:43 16:26-16:54 29:40-30:53 37:10-37:30 41:21-41:55,,,,,,,,
https://www.youtube.com/watch?v=DBRq0bS6euc,1:50-2:11 3:37-4:24 9:42-10:15 10:40-12:10,,,,,,,,
https://www.youtube.com/watch?v=umsEBAw4T-Q,1:10:28-1:12:28,,,,,,,,
https://www.youtube.com/watch?v=Wn0du32nD3U,0:00-0:40 1:35-2:12 2:55-3:15 5:40-6:15 6:55-7:30,,,,,,,,
https://www.youtube.com/watch?v=OvocDfestTE,0:00-0:23 1:06-1:19 2:47-3:21 8:14-8:56 9:45-10:18 13:59-14:44 19:08-19:30,,,,,,,,
https://www.youtube.com/watch?v=puhnt9nswsQ,0:15-0:40 26:04-26:47 28:13-29:51 33:15-33:55 54:02-55:58 57:24-58:04 1:05:02-1:06:16 1:22:06-1:23:53 1:25:33-1:26:23,,,,,,,,
https://www.youtube.com/watch?v=6zLQNxnhs9w,0:25-1:02 2:19-2:50 3:18-4:16 4:42-5:43 6:17-6:40 10:44-11:31 12:42-13:18 14:42-15:45 16:05-16:35 18:36-19:32,,,,,,,,
https://www.youtube.com/watch?v=RuEpuDQ1UV8,0:16-2:06 55:16-56:07 1:29:12-1:30:40 1:49:45-1:51:14,,,,,,,,
https://www.youtube.com/watch?v=kz6KkKGFluw,0:00-0:39 3:08-3:37 6:11-6:43 9:19-9:46,,,,,,,,
https://www.youtube.com/watch?v=P03omIZQZNg,5:06-5:55 8:18-9:01 13:45-14:40 18:06-18:46 29:12-29:56 33:00-33:35,,,,,,,,
https://www.youtube.com/watch?v=_Va9uu_aWj8,0:54-1:11 2:26-2:51 3:59-4:30 ,,,,,,,,
https://www.youtube.com/watch?v=PyV4KLZ0Gf0,0:20-1:00 10:21-10:58 26:30-28:01 33:52-35:28 1:02:50-1:03:42 1:21:05-1:22:18 1:37:40- 1:39:26 1:49:58-1:50:25,,,,,,,,
https://www.youtube.com/watch?v=_P0ZK8xW8-4,0:45-1:45 30:02-31:55 1:58:40-1:59:47,,,,,,,,
https://www.youtube.com/watch?v=JINaVYq5VOE,0:40-1:03 8:37-9:12,,,,,,,,
https://www.youtube.com/watch?v=VAJxE0k6DkY,0:00-0:16 3:57-4:25 6:35-6:57 10:10-10:38,,,,,,,,
https://www.youtube.com/watch?v=czFc_d2tp8I,0:07-0:45 2:30-4:30 11:25-12:22 32:30-33:30 56:40-58:36 1:19:50-1:21:07 1:49:20-1:50:42 2:27:09-2:28:46 ,,,,,,,,
https://www.youtube.com/watch?v=O93KmPjyy3k,1:42-2:00 16:15-17:09 19:35-20:07 22:30-23:15,,,,,,,,
https://www.youtube.com/watch?v=l_uGRCYw01A,12:00-12:55 22:10-22:33 23:15-24:14 54:57-56:12 1:24:01-1:24:50,,,,,,,,
https://www.youtube.com/watch?v=4XKN0UipChw,4:45-6:45,,,,,,,,
https://www.youtube.com/watch?v=_ZAO0KCC4Ms,1:05-1:47 7:45-8:17 9:15-10:04 14:57-15:47 25:04-25:47 29:35-30:06 33:40-34:20 34:50-36:15,,,,,,,,
https://www.youtube.com/watch?v=RciykxjqDfU,,,,,,,,,
https://www.youtube.com/watch?v=G74W62Fsz3I,,,,,,,,,
https://www.youtube.com/watch?v=-ztv9t4jZ2U,,,,,,,,,
https://www.youtube.com/watch?v=SO_35wq5Rxk,,,,,,,,,
https://www.youtube.com/watch?v=M9dbNCzJplc,,,,,,,,,
https://www.youtube.com/watch?v=ttazIWeGjeM,,,,,,,,,
https://www.youtube.com/watch?v=ofHTsOqmT-g,,,,,,,,,
https://www.youtube.com/watch?v=Nexd1upo0ag,,,,,,,,,
https://www.youtube.com/watch?v=thnvmWfwo1w,,,,,,,,,
https://www.youtube.com/watch?v=3kXeKtmPDIg,,,,,,,,,
https://www.youtube.com/watch?v=aj1FjT9IHMI,,,,,,,,,
https://www.youtube.com/watch?v=KJ7LpWT0A48,,,,,,,,,
https://www.youtube.com/watch?v=q1DMowhQvOA,,,,,,,,,
https://www.youtube.com/watch?v=7i8hdRsgk3Q,,,,,,,,,
https://www.youtube.com/watch?v=oAw9YTiG8jE,,,,,,,,,
https://www.youtube.com/watch?v=M6e1XPNPix8,,,,,,,,,
https://www.youtube.com/watch?v=q4ogE1dTVvY,,,,,,,,,
https://www.youtube.com/watch?v=X7kdtl24FxA,,,,,,,,,
https://www.youtube.com/watch?v=v9TE4foYAaU,,,,,,,,,
https://www.youtube.com/watch?v=yfwLetnJz_k,,,,,,,,,
https://www.youtube.com/watch?v=E4_ISgRannc,,,,,,,,,
https://www.youtube.com/watch?v=5UNar-n7sHM,,,,,,,,,
https://www.youtube.com/watch?v=LxMjkXoSwNY,,,,,,,,,
https://www.youtube.com/watch?v=oIHJ-raN4AE,,,,,,,,,
https://www.youtube.com/watch?v=I9C0EtipUbM,,,,,,,,,
https://www.youtube.com/watch?v=YHnLauJvd70,,,,,,,,,
https://www.youtube.com/watch?v=Tw7_8gxaR4w,,,,,,,,,
https://www.youtube.com/watch?v=OmfmXTUeIKI,,,,,,,,,
https://www.youtube.com/watch?v=ZePdn160VT4,,,,,,,,,
https://www.youtube.com/watch?v=mEh72dJwhck,,,,,,,,,
https://www.youtube.com/watch?v=Q-Z6Dpszlew,,,,,,,,,
https://www.youtube.com/watch?v=o_EUqADWMXo,,,,,,,,,
https://www.youtube.com/watch?v=zzI3OcKfXCM,,,,,,,,,
https://www.youtube.com/watch?v=pvOCo0Chlak,,,,,,,,,
https://www.youtube.com/watch?v=zS41i2Y8Dtc,,,,,,,,,
https://www.youtube.com/watch?v=lr2Ne4TGFl0,,,,,,,,,
https://www.youtube.com/watch?v=hqkRgYuaMsg,,,,,,,,,
https://www.youtube.com/watch?v=-Qf94FPqFaw,,,,,,,,,
https://www.youtube.com/watch?v=yvOsvMGpNCI,,,,,,,,,
https://www.youtube.com/watch?v=fJvfPuEljMw,,,,,,,,,
https://www.youtube.com/watch?v=IQbgbDSjmBo,,,,,,,,,
https://www.youtube.com/watch?v=wW8yaIJPvfs,,,,,,,,,
https://www.youtube.com/watch?v=adzpFONJN2s,,,,,,,,,
https://www.youtube.com/watch?v=-eSUaGbMFAg,,,,,,,,,
https://www.youtube.com/watch?v=MBw4gOra3ZA,,,,,,,,,
https://www.youtube.com/watch?v=CONFHtO4r28,,,,,,,,,
https://www.youtube.com/watch?v=MZifIepJ41c,,,,,,,,,
https://www.youtube.com/watch?v=wL3v-L73f-g,,,,,,,,,
https://www.youtube.com/watch?v=gLv2FDtl_28,,,,,,,,,
https://www.youtube.com/watch?v=RWQMGTattNU,,,,,,,,,
https://www.youtube.com/watch?v=DyNaVkzgo-o,,,,,,,,,
https://www.youtube.com/watch?v=QQTzLJMwHQE,,,,,,,,,
https://www.youtube.com/watch?v=-EsEGk_PCGg,,,,,,,,,
https://www.youtube.com/watch?v=RAiNZqEdegQ,,,,,,,,,
https://www.youtube.com/watch?v=2h0lJcdflZk,,,,,,,,,
https://www.youtube.com/watch?v=kR4BsQmmc6Y,,,,,,,,,
https://www.youtube.com/watch?v=rCbjkCxz0lI,,,,,,,,,
https://www.youtube.com/watch?v=Bs9NZZVIXxg,,,,,,,,,
https://www.youtube.com/watch?v=3GAzYOWFXJ4,,,,,,,,,
https://www.youtube.com/watch?v=YHeXyVvr90g,,,,,,,,,
https://www.youtube.com/watch?v=FxAHLw7ZwkU,,,,,,,,,
https://www.youtube.com/watch?v=mfke4bfU9OE,,,,,,,,,
https://www.youtube.com/watch?v=y3k0waNwSuk,,,,,,,,,
https://www.youtube.com/watch?v=lZn6L4STbwE,,,,,,,,,
https://www.youtube.com/watch?v=dPFBbF7Nq6I,,,,,,,,,
https://www.youtube.com/watch?v=TUQfe9jg2zw,,,,,,,,,
https://www.youtube.com/watch?v=quxE0RRyZvE,,,,,,,,,
https://www.youtube.com/watch?v=GTxhnh_8Pjc,,,,,,,,,
https://www.youtube.com/watch?v=KR7aTcSdgjg,,,,,,,,,
https://www.youtube.com/watch?v=hHNBzzEzu7c,,,,,,,,,
https://www.youtube.com/watch?v=TpINsKmOwAk,,,,,,,,,
https://www.youtube.com/watch?v=4ZOuJHUdA5k,,,,,,,,,
https://www.youtube.com/watch?v=OIJRYTk4W9k,,,,,,,,,
https://www.youtube.com/watch?v=XTyGaUEyXWA,,,,,,,,,
https://www.youtube.com/watch?v=x16mLcoyxmA,,,,,,,,,
https://www.youtube.com/watch?v=YPxNv4rjaSI,,,,,,,,,
https://www.youtube.com/watch?v=tcv9-ZB7Hms,,,,,,,,,
https://www.youtube.com/watch?v=93bK-3SvPAo,,,,,,,,,
https://www.youtube.com/watch?v=lF28LgYz9Z4,,,,,,,,,
https://www.youtube.com/watch?v=_g9_9hKPyeg,,,,,,,,,
https://www.youtube.com/watch?v=PUYMvYcz3ZI,,,,,,,,,
https://www.youtube.com/watch?v=K2OZYLj_5Uc,,,,,,,,,
https://www.youtube.com/watch?v=sVO9yy-RI0g,,,,,,,,,
https://www.youtube.com/watch?v=q3to8ZN5fT8,,,,,,,,,
https://www.youtube.com/watch?v=DsrwUnaalL4,,,,,,,,,
https://www.youtube.com/watch?v=6xa3X9ztHXQ,,,,,,,,,
https://www.youtube.com/watch?v=sua0EJryf_4,,,,,,,,,
https://www.youtube.com/watch?v=kHj8_JnSl_w,,,,,,,,,
https://www.youtube.com/watch?v=sGnC-Bhj_Hc,,,,,,,,,
https://www.youtube.com/watch?v=4MOKtm3Hizg,,,,,,,,,
https://www.youtube.com/watch?v=cGRWVSraTbA,,,,,,,,,
https://www.youtube.com/watch?v=n-dF6_i9DxE,,,,,,,,,
https://www.youtube.com/watch?v=xdtKehkzhJI,,,,,,,,,
https://www.youtube.com/watch?v=wnchlknirOk,,,,,,,,,
https://www.youtube.com/watch?v=zPrwTpo4TiM,,,,,,,,,
https://www.youtube.com/watch?v=dUznCxPRd4c,,,,,,,,,
https://www.youtube.com/watch?v=PfyujNGvCLY,,,,,,,,,
https://www.youtube.com/watch?v=I6STa52BBMM,,,,,,,,,
https://www.youtube.com/watch?v=jSIf04qpS4U,,,,,,,,,
https://www.youtube.com/watch?v=6opJfUHiOaM,,,,,,,,,
https://www.youtube.com/watch?v=uiBz0XBkmnc,,,,,,,,,
https://www.youtube.com/watch?v=QY36qO7BeV4,,,,,,,,,
https://www.youtube.com/watch?v=iypLrkK4Dtk,,,,,,,,,
https://www.youtube.com/watch?v=4Y_RxLlp2JA,,,,,,,,,
https://www.youtube.com/watch?v=eUJgq9HerDQ,,,,,,,,,
https://www.youtube.com/watch?v=U2cD6Ywu_yE,,,,,,,,,
https://www.youtube.com/watch?v=GaRdM1A-OD4,,,,,,,,,
https://www.youtube.com/watch?v=CMii-jn9DNE,,,,,,,,,
https://www.youtube.com/watch?v=Apc-4g-WBkA,,,,,,,,,
https://www.youtube.com/watch?v=Al2glmuN17I,,,,,,,,,
https://www.youtube.com/watch?v=CUTVK-YGSp8,,,,,,,,,
https://www.youtube.com/watch?v=S3I6TkemWzE,,,,,,,,,
https://www.youtube.com/watch?v=8k_thrtzNdg,,,,,,,,,
https://www.youtube.com/watch?v=SlcItO5c3Ow,,,,,,,,,
https://www.youtube.com/watch?v=1FjWJQj-jQg,,,,,,,,,
https://www.youtube.com/watch?v=-42LmVzfw_E,,,,,,,,,
https://www.youtube.com/watch?v=0sgFnoCIMvg,,,,,,,,,
https://www.youtube.com/watch?v=Y2sHdxGvKL8,,,,,,,,,
https://www.youtube.com/watch?v=_HYIsiGEKkE,,,,,,,,,
https://www.youtube.com/watch?v=5XPLmejEHnQ,,,,,,,,,
https://www.youtube.com/watch?v=AXXy10DHy8Y,,,,,,,,,
https://www.youtube.com/watch?v=uWwwkJEPC5w,,,,,,,,,
https://www.youtube.com/watch?v=JyUJbgokDH8,,,,,,,,,
https://www.youtube.com/watch?v=BpLqnjRv-SU,,,,,,,,,
https://www.youtube.com/watch?v=u5rV0FnA1u8,,,,,,,,,
https://www.youtube.com/watch?v=qCuEUHYbjjY,,,,,,,,,
https://www.youtube.com/watch?v=it41tCtxCJE,,,,,,,,,
https://www.youtube.com/watch?v=6y-TLphecbg,,,,,,,,,
https://www.youtube.com/watch?v=A68qSqb16dg,,,,,,,,,
https://www.youtube.com/watch?v=w1RMMwQ812s,,,,,,,,,
https://www.youtube.com/watch?v=3SasqFtMTB0,,,,,,,,,
https://www.youtube.com/watch?v=eBE_DJeA50o,,,,,,,,,
https://www.youtube.com/watch?v=_em5rXB5Lv4,,,,,,,,,
https://www.youtube.com/watch?v=Qfy77LebfnQ,,,,,,,,,
https://www.youtube.com/watch?v=mzbJfSLWMMI,,,,,,,,,
https://www.youtube.com/watch?v=QwbK1GUWN30,,,,,,,,,
https://www.youtube.com/watch?v=cYt4rRuLk30,,,,,,,,,
https://www.youtube.com/watch?v=MVZjQT2XAb0,,,,,,,,,
https://www.youtube.com/watch?v=zDYDm3rP6J4,,,,,,,,,
https://www.youtube.com/watch?v=I35qUTOLvCA,,,,,,,,,
https://www.youtube.com/watch?v=t-v8-rwJ_Mo,,,,,,,,,
https://www.youtube.com/watch?v=2pNoMyT8LFY,,,,,,,,,
https://www.youtube.com/watch?v=wLDIa_nO42U,,,,,,,,,
https://www.youtube.com/watch?v=UEpTyToRky0,,,,,,,,,
https://www.youtube.com/watch?v=ljn3fYJ8dNE,,,,,,,,,
https://www.youtube.com/watch?v=LURMUksRu60,,,,,,,,,
https://www.youtube.com/watch?v=iiMDqlSfqfM,,,,,,,,,
https://www.youtube.com/watch?v=CM2qyJuycX0,,,,,,,,,
https://www.youtube.com/watch?v=tR4fNjDGxJI,,,,,,,,,
https://www.youtube.com/watch?v=GlgTs7kkRyo,,,,,,,,,
https://www.youtube.com/watch?v=pyjppt0gMII,,,,,,,,,
https://www.youtube.com/watch?v=RD2jbRiED54,,,,,,,,,
https://www.youtube.com/watch?v=81p5kQdmROg,,,,,,,,,
https://www.youtube.com/watch?v=YqFxZG2Nygw,,,,,,,,,
https://www.youtube.com/watch?v=bwzuECp9wvw,,,,,,,,,
https://www.youtube.com/watch?v=g1nVX1oPxHE,,,,,,,,,
https://www.youtube.com/watch?v=qSbuvAhP8zk,,,,,,,,,
https://www.youtube.com/watch?v=McvzjCAnWtg,,,,,,,,,
https://www.youtube.com/watch?v=cqMw-jiDHwY,,,,,,,,,
https://www.youtube.com/watch?v=_81-dfPMAEw,,,,,,,,,
https://www.youtube.com/watch?v=LmeWnmoWuvc,,,,,,,,,
https://www.youtube.com/watch?v=Vj3lPp4Qrxo,,,,,,,,,
https://www.youtube.com/watch?v=neMrFJDPMSA,,,,,,,,,
https://www.youtube.com/watch?v=XjB3gYxYX2Q,,,,,,,,,
https://www.youtube.com/watch?v=L3SbhTRM01c,,,,,,,,,
https://www.youtube.com/watch?v=cen47ACVNqg,,,,,,,,,
https://www.youtube.com/watch?v=7gDlfUTkUYo,,,,,,,,,
https://www.youtube.com/watch?v=Xd_r2Z03vG8,,,,,,,,,
https://www.youtube.com/watch?v=_XJXDlfQDos,,,,,,,,,
https://www.youtube.com/watch?v=mH1BBz5Lh38,,,,,,,,,
https://www.youtube.com/watch?v=PEmI1q4VmMs,,,,,,,,,
https://www.youtube.com/watch?v=o2Ni55kGZys,,,,,,,,,
https://www.youtube.com/watch?v=-Mh_j4EsoIM,,,,,,,,,
https://www.youtube.com/watch?v=fMQxVXmtpiw,,,,,,,,,
https://www.youtube.com/watch?v=AR0CnNrwKO8,,,,,,,,,
https://www.youtube.com/watch?v=ohPv3K7n4XI,,,,,,,,,
https://www.youtube.com/watch?v=kWKqYVKnt9w,,,,,,,,,
https://www.youtube.com/watch?v=KLBv0By1gaI,,,,,,,,,
https://www.youtube.com/watch?v=dwzM-79_S_E,,,,,,,,,
https://www.youtube.com/watch?v=uyIoou5XWE4,,,,,,,,,
https://www.youtube.com/watch?v=d7U8Fw4wQ9E,,,,,,,,,
https://www.youtube.com/watch?v=zx-XAz4X1fI,,,,,,,,,
https://www.youtube.com/watch?v=leCE7-OdvUY,,,,,,,,,
https://www.youtube.com/watch?v=_UKxN97WHoI,,,,,,,,,
https://www.youtube.com/watch?v=sU3L0eiyr-E,,,,,,,,,
https://www.youtube.com/watch?v=FxhrserbWYE,,,,,,,,,
https://www.youtube.com/watch?v=_bZH5N3YU0c,,,,,,,,,
https://www.youtube.com/watch?v=Q9qBbu0TI7s,,,,,,,,,
https://www.youtube.com/watch?v=agZl4ayKfbY,,,,,,,,,
https://www.youtube.com/watch?v=Z-qRfcbC8ns,,,,,,,,,
https://www.youtube.com/watch?v=9fg9H1yIjf0,,,,,,,,,
https://www.youtube.com/watch?v=wcVgKqA8ddw,,,,,,,,,
https://www.youtube.com/watch?v=sfbPsvJKLAI,,,,,,,,,
https://www.youtube.com/watch?v=sp3HpzCKd6s,,,,,,,,,
https://www.youtube.com/watch?v=S_6dj-vJzC0,,,,,,,,,
https://www.youtube.com/watch?v=m62lCNWUFHA,,,,,,,,,
https://www.youtube.com/watch?v=s_csfBvVjYo,,,,,,,,,
https://www.youtube.com/watch?v=1me1Q8n8Y0Q,,,,,,,,,
https://www.youtube.com/watch?v=DjWO8Ss2nDQ,,,,,,,,,
https://www.youtube.com/watch?v=5U3Uz8InD0M,,,,,,,,,
https://www.youtube.com/watch?v=HllZCVHH5V4,,,,,,,,,
https://www.youtube.com/watch?v=Dphbn317cHY,,,,,,,,,
https://www.youtube.com/watch?v=E6SvwPisfbE,,,,,,,,,
https://www.youtube.com/watch?v=2EIVP5UWAOs,,,,,,,,,
https://www.youtube.com/watch?v=KOxfFCDK41k,,,,,,,,,
https://www.youtube.com/watch?v=ux_A7RXqjvo,,,,,,,,,
https://www.youtube.com/watch?v=cG9duZnjTAs,,,,,,,,,
https://www.youtube.com/watch?v=f4A2pqt5RR4,,,,,,,,,
https://www.youtube.com/watch?v=wyowKIV0QaU,,,,,,,,,
https://www.youtube.com/watch?v=i0JxJEBDiXU,,,,,,,,,
https://www.youtube.com/watch?v=vtJXVbixv-c,,,,,,,,,
https://www.youtube.com/watch?v=iVM82tuIPzk,,,,,,,,,
https://www.youtube.com/watch?v=WUVslMfSIyA,,,,,,,,,
https://www.youtube.com/watch?v=UawLkrJQYZc,,,,,,,,,
https://www.youtube.com/watch?v=v-1uSU9Z6AQ,,,,,,,,,
https://www.youtube.com/watch?v=lh_PMBS_qPM,,,,,,,,,
https://www.youtube.com/watch?v=MC1CxPMkcvM,,,,,,,,,
https://www.youtube.com/watch?v=0ZHESr3zXuc,,,,,,,,,
https://www.youtube.com/watch?v=Ftv9THI9PGc,,,,,,,,,
https://www.youtube.com/watch?v=lJMPKkQb5OY,,,,,,,,,
https://www.youtube.com/watch?v=quxGdIgSnl0,,,,,,,,,
https://www.youtube.com/watch?v=k_3uXb8RoAk,,,,,,,,,
https://www.youtube.com/watch?v=D0WrckYA_60,,,,,,,,,
https://www.youtube.com/watch?v=GJIK-R1Hhkc,,,,,,,,,
https://www.youtube.com/watch?v=fthGziHvz60,,,,,,,,,
https://www.youtube.com/watch?v=v6rXRjZsWeo,,,,,,,,,
https://www.youtube.com/watch?v=bW5n6A0F7PI,,,,,,,,,
https://www.youtube.com/watch?v=AAdMO6J7n_g,,,,,,,,,
https://www.youtube.com/watch?v=Pem3MZEvI7Q,,,,,,,,,
https://www.youtube.com/watch?v=f0AKDXeQAW0,,,,,,,,,
https://www.youtube.com/watch?v=16NKM_vvLKA,,,,,,,,,
https://www.youtube.com/watch?v=zhSgwyvsqPc,,,,,,,,,
https://www.youtube.com/watch?v=PxNmEtehJnw,,,,,,,,,
https://www.youtube.com/watch?v=JBDhNIDmLWQ,,,,,,,,,
https://www.youtube.com/watch?v=UZ80_8_ulJs,,,,,,,,,
https://www.youtube.com/watch?v=ITUx456-jhc,,,,,,,,,
https://www.youtube.com/watch?v=dt59Blaf0GU,,,,,,,,,
https://www.youtube.com/watch?v=BWMid_iOsT8,,,,,,,,,
https://www.youtube.com/watch?v=Eav52-foa5A,,,,,,,,,
https://www.youtube.com/watch?v=5m6uTbAtF84,,,,,,,,,
https://www.youtube.com/watch?v=qXiG2dl4KhI,,,,,,,,,
https://www.youtube.com/watch?v=DMTeTZb6Z64,,,,,,,,,
https://www.youtube.com/watch?v=JGKpnka9XvA,,,,,,,,,
https://www.youtube.com/watch?v=zW7yPt_yO0o,,,,,,,,,
https://www.youtube.com/watch?v=6c_8sTwphTc,,,,,,,,,
https://www.youtube.com/watch?v=cemNWWyufPY,,,,,,,,,
https://www.youtube.com/watch?v=Fp26mMXE0tU,,,,,,,,,
https://www.youtube.com/watch?v=rhZjh6C5nVk,,,,,,,,,
https://www.youtube.com/watch?v=6yfdRZ_d_b4,,,,,,,,,
https://www.youtube.com/watch?v=_JusvaQ92ws,,,,,,,,,
https://www.youtube.com/watch?v=ka2BiSTBbNA,,,,,,,,,
https://www.youtube.com/watch?v=Ygn9-k09CHE,,,,,,,,,
https://www.youtube.com/watch?v=-3Qj0LSh2Gw,,,,,,,,,
https://www.youtube.com/watch?v=00czt4ArBQE,,,,,,,,,
https://www.youtube.com/watch?v=X2Nv0hOIIgE,,,,,,,,,
https://www.youtube.com/watch?v=Ghk1eoYhtBs,,,,,,,,,
https://www.youtube.com/watch?v=zJu4nBnuqa0,,,,,,,,,
https://www.youtube.com/watch?v=nA3NOh4u6gE,,,,,,,,,
https://www.youtube.com/watch?v=lH9LA4ur-x0,,,,,,,,,
https://www.youtube.com/watch?v=8Mxh9Jh0oks,,,,,,,,,
https://www.youtube.com/watch?v=c1lVGcDVdCk,,,,,,,,,
https://www.youtube.com/watch?v=LLjbD5ynN6k,,,,,,,,,
https://www.youtube.com/watch?v=hrC2xtX6jD0,,,,,,,,,
https://www.youtube.com/watch?v=odx-rR9Leug,,,,,,,,,
https://www.youtube.com/watch?v=OWiAAEP9j2A,,,,,,,,,
https://www.youtube.com/watch?v=Gqlc5pTPNYI,,,,,,,,,
https://www.youtube.com/watch?v=S-xjudFxgBU,,,,,,,,,
https://www.youtube.com/watch?v=TVCWKa1mbkE,,,,,,,,,
https://www.youtube.com/watch?v=by4lFuDI_Hs,,,,,,,,,
https://www.youtube.com/watch?v=9mQN4E6ur-w,,,,,,,,,
https://www.youtube.com/watch?v=ZXH-naikAXY,,,,,,,,,
https://www.youtube.com/watch?v=GvcqMsj-92Q,,,,,,,,,
https://www.youtube.com/watch?v=RUO-Twn0CeM,,,,,,,,,
https://www.youtube.com/watch?v=NHH2L2aNK0M,,,,,,,,,
https://www.youtube.com/watch?v=-auBQsPM8nY,,,,,,,,,
https://www.youtube.com/watch?v=zPrwTpo4TiM,,,,,,,,,
https://www.youtube.com/watch?v=tvea5xhG48w,,,,,,,,,
https://www.youtube.com/watch?v=2a1NB36P-S0,,,,,,,,,
https://www.youtube.com/watch?v=M7BUCk5deTk,,,,,,,,,
https://www.youtube.com/watch?v=Fgr4_kjJyJs,,,,,,,,,
https://www.youtube.com/watch?v=6U9vjtCEXbk,,,,,,,,,
https://www.youtube.com/watch?v=RTQAmNhynNY,,,,,,,,,
https://www.youtube.com/watch?v=-cctf5hP900,,,,,,,,,
https://www.youtube.com/watch?v=K7TUmwNS-8o,,,,,,,,,
https://www.youtube.com/watch?v=Gpwc8Hnnjc8,,,,,,,,,
https://www.youtube.com/watch?v=H6XQ6eJq5zQ,,,,,,,,,
https://www.youtube.com/watch?v=q39mpYCWaoM,,,,,,,,,
https://www.youtube.com/watch?v=FGAQkUS9Yxw,,,,,,,,,
https://www.youtube.com/watch?v=3gTLZnEpCbs,,,,,,,,,
https://www.youtube.com/watch?v=UQIPh3pI9pY,,,,,,,,,
https://www.youtube.com/watch?v=CfINaWjnlNw,,,,,,,,,
https://www.youtube.com/watch?v=knPoPpxV41U,,,,,,,,,
https://www.youtube.com/watch?v=iTEuriISA-k,,,,,,,,,
https://www.youtube.com/watch?v=0fVbsZxoZBU,,,,,,,,,
https://www.youtube.com/watch?v=GxUnmbJm2Ag,,,,,,,,,
https://www.youtube.com/watch?v=ZSsytwPo85w,,,,,,,,,
https://www.youtube.com/watch?v=zxyhG1ptzqw,,,,,,,,,
https://www.youtube.com/watch?v=p_Js38YyFEk,,,,,,,,,
https://www.youtube.com/watch?v=ZYS4c10KqB4,,,,,,,,,
https://www.youtube.com/watch?v=Ww6x6IWcOPw,,,,,,,,,
https://www.youtube.com/watch?v=N3yDHkIeHyI,,,,,,,,,
https://www.youtube.com/watch?v=xYvGnB4Y9Sg,,,,,,,,,
https://www.youtube.com/watch?v=oymwwu5gswQ,,,,,,,,,
https://www.youtube.com/watch?v=N2j8CZ4gMfo,,,,,,,,,
https://www.youtube.com/watch?v=_A2rE_ds_7s,,,,,,,,,
https://www.youtube.com/watch?v=QgzBDZwanWA,,,,,,,,,
https://www.youtube.com/watch?v=XpzMGfT8Blo,,,,,,,,,
https://www.youtube.com/watch?v=m9dUJeVkzSM,,,,,,,,,
https://www.youtube.com/watch?v=4_EHESMTBfg,,,,,,,,,
https://www.youtube.com/watch?v=-O4SrOXyZtQ,,,,,,,,,
https://www.youtube.com/watch?v=9b-nnIpKObk,,,,,,,,,
https://www.youtube.com/watch?v=-vQ47VZZRxY,,,,,,,,,
https://www.youtube.com/watch?v=PlUbSXRLfbA,,,,,,,,,
https://www.youtube.com/watch?v=vZ8R0SVsgXY,,,,,,,,,
https://www.youtube.com/watch?v=hwKu_nt_EQ8,,,,,,,,,
https://www.youtube.com/watch?v=MyzkgLgH-4Q,,,,,,,,,
https://www.youtube.com/watch?v=PRdEav7HrhY,,,,,,,,,
https://www.youtube.com/watch?v=vKUaROwjxIo,,,,,,,,,
https://www.youtube.com/watch?v=tRjZh0eQ18c,,,,,,,,,
https://www.youtube.com/watch?v=N3SAxEpDT6M,,,,,,,,,
https://www.youtube.com/watch?v=jcGaLipOb3E,,,,,,,,,
https://www.youtube.com/watch?v=P3rMyeaamGA,,,,,,,,,
https://www.youtube.com/watch?v=U7BemqZxKvc,,,,,,,,,
https://www.youtube.com/watch?v=uVoX_jVnDS4,,,,,,,,,
https://www.youtube.com/watch?v=v03CNNayBQI,,,,,,,,,
https://www.youtube.com/watch?v=ahZwseEWiDE,,,,,,,,,
https://www.youtube.com/watch?v=0TJLkZZd_ds,,,,,,,,,
https://www.youtube.com/watch?v=4K_WdmsdZ7I,,,,,,,,,
https://www.youtube.com/watch?v=0iF09cy7OqI,,,,,,,,,
https://www.youtube.com/watch?v=JqKwlbfUYDI,,,,,,,,,
https://www.youtube.com/watch?v=601nMx_Xi2k,,,,,,,,,
https://www.youtube.com/watch?v=MwRulVL7hug,,,,,,,,,
https://www.youtube.com/watch?v=z9G72GYFDoU,,,,,,,,,
https://www.youtube.com/watch?v=hZOf2W27ujk,,,,,,,,,
https://www.youtube.com/watch?v=9PSITHCF6sM,,,,,,,,,
https://www.youtube.com/watch?v=z-w6Vk5H41c,,,,,,,,,
https://www.youtube.com/watch?v=YpO7J-nvC7Q,,,,,,,,,
https://www.youtube.com/watch?v=imgZSjmO4BY,,,,,,,,,
https://www.youtube.com/watch?v=QEag2IDwn3c,,,,,,,,,
https://www.youtube.com/watch?v=7p9Y1s20nFw,,,,,,,,,
https://www.youtube.com/watch?v=NER7ql9LQko,,,,,,,,,
https://www.youtube.com/watch?v=wmbDjV3rKPA,,,,,,,,,
https://www.youtube.com/watch?v=CibvUE-G75U,,,,,,,,,
https://www.youtube.com/watch?v=qX3BS7elgAg,,,,,,,,,
https://www.youtube.com/watch?v=0YEV84QFgco,,,,,,,,,
https://www.youtube.com/watch?v=FHYWHL0P0gc,,,,,,,,,
https://www.youtube.com/watch?v=h_3V5zp5y0M,,,,,,,,,
https://www.youtube.com/watch?v=HI1lDqZM8ds,,,,,,,,,
https://www.youtube.com/watch?v=m2iIMaCr3ZM,,,,,,,,,
https://www.youtube.com/watch?v=3gkm3fdk2PM,,,,,,,,,
https://www.youtube.com/watch?v=UiFkS05vCCk,,,,,,,,,
https://www.youtube.com/watch?v=wDmcMtdv414,,,,,,,,,
https://www.youtube.com/watch?v=BtFjzqrgpWc,,,,,,,,,
https://www.youtube.com/watch?v=Qa-tTMJ8fkA,,,,,,,,,
https://www.youtube.com/watch?v=_EJHaCO4Rc4,,,,,,,,,
https://www.youtube.com/watch?v=e5lVlqFCqzM,,,,,,,,,
https://www.youtube.com/watch?v=md7VfWM7faQ,,,,,,,,,
https://www.youtube.com/watch?v=BNW2vp1LPJw,,,,,,,,,
https://www.youtube.com/watch?v=hQ93TQ-wNIA,,,,,,,,,
https://www.youtube.com/watch?v=gOWa5L3V9tM,,,,,,,,,
https://www.youtube.com/watch?v=NV_d0kmwNL8,,,,,,,,,
https://www.youtube.com/watch?v=Q1733Duen8s,,,,,,,,,
https://www.youtube.com/watch?v=UttgyZCppyA,,,,,,,,,
https://www.youtube.com/watch?v=qKyXVIgN4YQ,,,,,,,,,
https://www.youtube.com/watch?v=gNJW0j06N1Y,,,,,,,,,
https://www.youtube.com/watch?v=j2yMaaeLUuY,,,,,,,,,
https://www.youtube.com/watch?v=as3dFk2SONM,,,,,,,,,
https://www.youtube.com/watch?v=rEnWvgSB3J8,,,,,,,,,
https://www.youtube.com/watch?v=gzKGICx3jUQ,,,,,,,,,
https://www.youtube.com/watch?v=GJmwXrdelrU,,,,,,,,,
https://www.youtube.com/watch?v=w0DCgbBKdAw,,,,,,,,,
https://www.youtube.com/watch?v=3QpqlyrFF2s,,,,,,,,,
https://www.youtube.com/watch?v=bDqwdioO5sk,,,,,,,,,
https://www.youtube.com/watch?v=No5brgTR3Gc,,,,,,,,,
https://www.youtube.com/watch?v=MiO4WgeIP5A,,,,,,,,,
https://www.youtube.com/watch?v=pYZigRVSOXM,,,,,,,,,
https://www.youtube.com/watch?v=CIz0kuAgpAo,,,,,,,,,
https://www.youtube.com/watch?v=FULPYMaZxHI,,,,,,,,,
https://www.youtube.com/watch?v=uCWZbV-vG2A,,,,,,,,,
https://www.youtube.com/watch?v=Q8qgKLXYB0g,,,,,,,,,
https://www.youtube.com/watch?v=OEwvJDa7o7A,,,,,,,,,
https://www.youtube.com/watch?v=YfNO3zAfFHU,,,,,,,,,
https://www.youtube.com/watch?v=VG6NyhBBI_8,,,,,,,,,
https://www.youtube.com/watch?v=mJFWqYdn7LE,,,,,,,,,
https://www.youtube.com/watch?v=OPUTLWhhqCo,,,,,,,,,
https://www.youtube.com/watch?v=S1eebleLWeE,,,,,,,,,
https://www.youtube.com/watch?v=I9k59byhY9k,,,,,,,,,
https://www.youtube.com/watch?v=9gd_BwAiyrg,,,,,,,,,
https://www.youtube.com/watch?v=68ouVZKg5qE,,,,,,,,,
https://www.youtube.com/watch?v=dvZCRHNzXDE,,,,,,,,,
https://www.youtube.com/watch?v=i-14HPJckgo,,,,,,,,,
https://www.youtube.com/watch?v=sQqDY0ZnJvU,,,,,,,,,
https://www.youtube.com/watch?v=4u30IiAeUyk,,,,,,,,,
https://www.youtube.com/watch?v=fe6uBNMAKHY,,,,,,,,,
https://www.youtube.com/watch?v=cgIKMBaV_Zg,,,,,,,,,
https://www.youtube.com/watch?v=SrZ6cYthcg8,,,,,,,,,
https://www.youtube.com/watch?v=1ST_caY2YgA,,,,,,,,,
https://www.youtube.com/watch?v=9QX__4z5J-o,,,,,,,,,
https://www.youtube.com/watch?v=HmmYtopGx7Y,,,,,,,,,
https://www.youtube.com/watch?v=TrjbYFZ9OwE,,,,,,,,,
https://www.youtube.com/watch?v=ui7_uTndaV8,,,,,,,,,
https://www.youtube.com/watch?v=EHQGJdW8zMw,,,,,,,,,
https://www.youtube.com/watch?v=5s516SdPswg,,,,,,,,,
https://www.youtube.com/watch?v=4DCrILlDfyE,,,,,,,,,
https://www.youtube.com/watch?v=vUYmtBR9xbo,,,,,,,,,
https://www.youtube.com/watch?v=VTGl0Y9YWQQ,,,,,,,,,
https://www.youtube.com/watch?v=AucaoFDMQIE,,,,,,,,,
https://www.youtube.com/watch?v=kAiUdQwpSbs,,,,,,,,,
https://www.youtube.com/watch?v=2gS21HuOxE8,,,,,,,,,
https://www.youtube.com/watch?v=DO_lijyx-No,,,,,,,,,
https://www.youtube.com/watch?v=OBB-7abYjX4,,,,,,,,,
https://www.youtube.com/watch?v=E70DzkAqij8,,,,,,,,,
https://www.youtube.com/watch?v=J9_mBufr1nk,,,,,,,,,
https://www.youtube.com/watch?v=jw0x84J5lwY,,,,,,,,,
https://www.youtube.com/watch?v=AOICMY7HMzg,,,,,,,,,
https://www.youtube.com/watch?v=sxcL2hjwNGk,,,,,,,,,
https://www.youtube.com/watch?v=oD7EZgKEAlU,,,,,,,,,
https://www.youtube.com/watch?v=lhLA7w9wlfE,,,,,,,,,
https://www.youtube.com/watch?v=dLx9t8XMaF4,,,,,,,,,
https://www.youtube.com/watch?v=86v0OA_cUoM,,,,,,,,,
https://www.youtube.com/watch?v=H42zWaD4A4s,,,,,,,,,
https://www.youtube.com/watch?v=NyzAsQVrOLo,,,,,,,,,
https://www.youtube.com/watch?v=jQ7Of895sno,,,,,,,,,
https://www.youtube.com/watch?v=1xUXFxGBPMQ,,,,,,,,,
https://www.youtube.com/watch?v=G1H6MEnu9E4,,,,,,,,,
https://www.youtube.com/watch?v=njxQdkoOIXE,,,,,,,,,
https://www.youtube.com/watch?v=i3Yk1g_JTY4,,,,,,,,,
https://www.youtube.com/watch?v=JRr-tw7yxkY,,,,,,,,,
https://www.youtube.com/watch?v=4jIggbtJPrQ,,,,,,,,,
https://www.youtube.com/watch?v=4svB-2eysF4,,,,,,,,,
https://www.youtube.com/watch?v=nrZA2U9jFV4,,,,,,,,,
https://www.youtube.com/watch?v=izKq2DM30ak,,,,,,,,,
https://www.youtube.com/watch?v=1V98YBHCTRU,,,,,,,,,
https://www.youtube.com/watch?v=rDEcMCgLUUc,,,,,,,,,
https://www.youtube.com/watch?v=THk6mpNI_a4,,,,,,,,,
https://www.youtube.com/watch?v=4PvTeYnbHmw,,,,,,,,,
https://www.youtube.com/watch?v=D41H_xqC-Ac,,,,,,,,,
https://www.youtube.com/watch?v=LgQxzYQP4as,,,,,,,,,
https://www.youtube.com/watch?v=uqPIuWCILaI,,,,,,,,,
https://www.youtube.com/watch?v=DIVpx-MUhjs,,,,,,,,,
https://www.youtube.com/watch?v=db-Ukkh3oNw,,,,,,,,,
https://www.youtube.com/watch?v=aJaAFUX-APE,,,,,,,,,
https://www.youtube.com/watch?v=6tMgQLOlw2g,,,,,,,,,
https://www.youtube.com/watch?v=h-4PntsZwSk,,,,,,,,,
https://www.youtube.com/watch?v=d80OlqI3jnA,,,,,,,,,
https://www.youtube.com/watch?v=Lu_fHrDlC4I,,,,,,,,,
https://www.youtube.com/watch?v=pVCoZG0-hfE,,,,,,,,,
https://www.youtube.com/watch?v=jYAHz1PFews,,,,,,,,,
https://www.youtube.com/watch?v=jsbfZ6G6h1o,,,,,,,,,
https://www.youtube.com/watch?v=o44bY0RV8Fs,,,,,,,,,
https://www.youtube.com/watch?v=qCAIE6WrhrY,,,,,,,,,
https://www.youtube.com/watch?v=Fdtbk9zKF4Y,,,,,,,,,
https://www.youtube.com/watch?v=_PpZxkeghiQ,,,,,,,,,
https://www.youtube.com/watch?v=wSQdMiQxVlc,,,,,,,,,
https://www.youtube.com/watch?v=9ZM8lTA7i6I,,,,,,,,,
https://www.youtube.com/watch?v=r_HK-rBtIfQ,,,,,,,,,
https://www.youtube.com/watch?v=ZFykhSSqaF4,,,,,,,,,
https://www.youtube.com/watch?v=NYAvBG9Tyls,,,,,,,,,
https://www.youtube.com/watch?v=I-MGg-Gr7_g,,,,,,,,,
https://www.youtube.com/watch?v=YavOTC7Ut_0,,,,,,,,,
https://www.youtube.com/watch?v=Zj3p9yiZdGU,,,,,,,,,
https://www.youtube.com/watch?v=LqMTLq9fuh8,,,,,,,,,
https://www.youtube.com/watch?v=JvbrLSHRn_U,,,,,,,,,
https://www.youtube.com/watch?v=4zKBZ7Ky8eQ,,,,,,,,,
https://www.youtube.com/watch?v=Bme7b8it0ig,,,,,,,,,
https://www.youtube.com/watch?v=1fgiO_yvjxI,,,,,,,,,
https://www.youtube.com/watch?v=wSXx-xqxZek,,,,,,,,,
https://www.youtube.com/watch?v=ChtgDNdVRYQ,,,,,,,,,
https://www.youtube.com/watch?v=KqaGdcQh5jA,,,,,,,,,
https://www.youtube.com/watch?v=cpiXB-Zy64c,,,,,,,,,
https://www.youtube.com/watch?v=KSM4HOSBnro,,,,,,,,,
https://www.youtube.com/watch?v=HiLXcfGjnGw,,,,,,,,,
https://www.youtube.com/watch?v=QpFqK_Sqfu8,,,,,,,,,
https://www.youtube.com/watch?v=I_Hz1b84PHo,,,,,,,,,
https://www.youtube.com/watch?v=1LM_vjHj8bs,,,,,,,,,
https://www.youtube.com/watch?v=LU2-9HhLKR4,,,,,,,,,
https://www.youtube.com/watch?v=zabAo2eGins,,,,,,,,,
https://www.youtube.com/watch?v=Mg3XdldgZCU,,,,,,,,,
https://www.youtube.com/watch?v=twBuZCprXHw,,,,,,,,,
https://www.youtube.com/watch?v=lgj4YSNqs6k,,,,,,,,,
https://www.youtube.com/watch?v=xZ-bHsEYT5A,,,,,,,,,
https://www.youtube.com/watch?v=FpVp6-3hloY,,,,,,,,,
https://www.youtube.com/watch?v=chT-guufvzI,,,,,,,,,
https://www.youtube.com/watch?v=XEkcTsG2a5A,,,,,,,,,
https://www.youtube.com/watch?v=KMe2EC5Ml0Y,,,,,,,,,
